ID,Question,Answer
1,"What proportion of intracranial neoplasms do pituitary adenomas represent?","Pituitary adenomas account for roughly 10–15% of all intracranial tumors."
2,"Has the proportion of pituitary adenomas among all brain tumors changed significantly over the past 20 years?","Despite improved imaging leading to more frequent diagnosis, epidemiological studies suggest the percentage (10–15%) has remained relatively stable."
3,"Which subtype of functioning pituitary adenoma is most common?","Prolactin-secreting adenomas (prolactinomas) are the most frequent, constituting about 40% of functioning pituitary tumors."
4,"What is the approximate prevalence of pituitary incidentalomas discovered on MRI scans done for unrelated reasons?","Incidentalomas are found in about 1–3% of routine brain imaging, most often microadenomas that are asymptomatic."
5,"How often do prolactin-secreting microadenomas (<10 mm) progress to macroadenomas (≥10 mm)?","Fewer than 10% typically enlarge significantly over a follow-up period of 2–5 years."
6,"What is the difference between functioning and non-functioning pituitary adenomas?","Functioning adenomas secrete excess hormones (e.g., prolactin, GH, ACTH), while non-functioning adenomas do not cause hormonal hypersecretion but may produce mass effects."
7,"Which genetic syndromes are associated with an increased risk of pituitary adenomas?","Multiple Endocrine Neoplasia Type 1 (MEN1), Carney complex, and familial isolated pituitary adenoma (FIPA) are key syndromes associated with an elevated risk."
8,"How do visual field defects typically present when a pituitary adenoma compresses the optic chiasm?","Classically, patients develop bitemporal hemianopsia due to chiasmal compression."
9,"What proportion of patients with pituitary adenomas experience headaches as a primary symptom?","Headaches occur in up to 30–40% of patients, though the mechanism is not fully understood and may relate to dural stretch."
10,"Are there sex differences in pituitary adenoma prevalence?","Overall prevalence is slightly higher in females, largely due to the high frequency of prolactinomas in women of reproductive age."
11,"Which is more common: microadenomas or macroadenomas?","Microadenomas (<10 mm) are more frequently detected incidentally; macroadenomas (≥10 mm) often present with symptoms such as mass effect."
12,"What are typical serum prolactin levels in prolactinomas?","Mild elevations (25–100 ng/mL) can be seen in microadenomas; macroadenomas may present with levels in the 100–1000+ ng/mL range."
13,"What is the primary medical treatment for prolactinomas?","Dopamine agonists (e.g., cabergoline, bromocriptine) are first-line therapy to reduce prolactin levels and tumor size."
14,"How effective is cabergoline in normalizing prolactin levels in prolactinomas?","Cabergoline normalizes prolactin in approximately 80–90% of patients with microadenomas and 70–80% of those with macroadenomas."
15,"What are the recognized side effects of dopamine agonist therapy?","Nausea, orthostatic hypotension, and occasionally mental status changes or compulsive behaviors can occur."
16,"How frequently is transsphenoidal surgery required for prolactinomas?","Surgery is considered when patients are intolerant or resistant to medical therapy; this is needed in about 10–20% of resistant cases."
17,"Which pituitary adenoma subtype causes acromegaly?","Growth hormone (GH)-secreting adenomas lead to acromegaly in adults and gigantism if they occur before epiphyseal plate closure."
18,"What are the characteristic clinical features of acromegaly due to GH-secreting adenomas?","Enlarged hands/feet, protruding jaw, coarse facial features, hypertension, and diabetes mellitus are commonly seen."
19,"What percentage of pituitary adenomas are GH-secreting?","Growth hormone–secreting adenomas constitute about 10–15% of functioning pituitary adenomas."
20,"What medical treatments are first-line for acromegaly?","Somatostatin analogs (octreotide/lanreotide) and GH receptor antagonists (pegvisomant) are standard. Some patients also respond to dopamine agonists if mild disease is present."
21,"What is the typical reduction in IGF-1 levels after 6 months of somatostatin analog therapy?","Somatostatin analogs can achieve normalization of IGF-1 in 50–60% of patients, though responses vary based on tumor characteristics."
22,"Which pituitary adenoma subtype leads to Cushing’s disease?","Corticotroph adenomas secrete excess ACTH, resulting in Cushing’s disease (hypercortisolism)."
23,"What is the most common presenting feature in patients with Cushing’s disease caused by pituitary adenomas?","Weight gain with central obesity, often accompanied by facial rounding (‘moon facies’) and a ‘buffalo hump’ are typical clinical presentations."
24,"What first-line medical therapy is used if surgery for Cushing’s disease is not immediately feasible or unsuccessful?","Medications like ketoconazole, metyrapone, or osilodrostat reduce cortisol synthesis. Pasireotide (a somatostatin analog) can also help in certain cases."
25,"How effective is transsphenoidal resection for ACTH-secreting pituitary adenomas?","When performed by an experienced surgeon, remission rates range from 70–85% for microadenomas. Recurrence rates vary between 10–20% over several years."
26,"Do all patients with pituitary adenomas require surgery?","Not all. Treatment depends on tumor type, size, hormone activity, and symptoms. Many microadenomas and some non-functioning adenomas are monitored unless they demonstrate growth or cause clinical issues."
27,"How does the Ki-67 index help in evaluating pituitary adenomas?","A higher Ki-67 proliferation index suggests a more aggressive tumor and can guide surveillance or treatment decisions."
28,"What is pituitary apoplexy, and how often does it occur in adenoma patients?","Pituitary apoplexy is a sudden hemorrhage or infarction of the adenoma. It’s relatively rare (about 2–7% of pituitary adenoma cases) but constitutes a medical emergency."
29,"Which imaging modality is considered the gold standard for evaluating pituitary adenomas?","Magnetic resonance imaging (MRI) of the sellar region with contrast is the gold standard for anatomical delineation."
30,"When evaluating a pituitary incidentaloma, which biochemical tests are recommended initially?","Baseline assessment typically includes prolactin, IGF-1, and in some cases morning cortisol or overnight dexamethasone suppression test to exclude hypercortisolism."
31,"In pregnancy, how are prolactinomas usually managed?","Most microprolactinomas pose low risk and often do not require intervention. Macroadenomas are monitored closely; dopamine agonists may be used if significant tumor growth or symptoms occur."
32,"How common are non-functioning pituitary macroadenomas?","Non-functioning macroadenomas represent around 25–30% of all pituitary adenomas. They often present with mass effect rather than hormonal symptoms."
33,"Which hormone deficiencies can result from a large non-functioning adenoma?","Deficiencies in gonadotropins (LH/FSH), growth hormone, ACTH, and TSH can occur if normal pituitary tissue is compressed, leading to hypopituitarism."
34,"What is the typical follow-up imaging schedule for a non-functioning microadenoma?","An MRI at 6–12 months after diagnosis, then every 1–2 years if stable in size and no new symptoms are reported."
35,"How frequently do non-functioning adenomas recur after surgical resection?","Long-term studies show recurrence rates of 15–25% at 5–10 years, emphasizing the need for ongoing imaging surveillance."
36,"What role does radiation therapy (e.g., stereotactic radiosurgery) play in pituitary adenoma management?","Radiation is considered for residual or recurrent tumors, especially if they are hormonally active and not controlled by medication or surgery. It can take years to achieve hormonal control."
37,"How do giant pituitary adenomas differ from standard macroadenomas?","Giant adenomas exceed 40 mm in size, posing a higher risk of invasive growth, neurologic deficits, and sometimes more challenging surgical resections."
38,"What percentage of pituitary adenomas invade the cavernous sinus?","Invasion occurs in around 10–15% of adenomas, more commonly in macroadenomas or certain aggressive subtypes."
39,"In a patient with headache and cranial nerve palsies, what diagnosis should be highly suspected?","Pituitary apoplexy or a significantly enlarging adenoma compressing cranial nerves in the cavernous sinus region."
40,"How successful is endoscopic transsphenoidal surgery compared to the microscopic approach?","Endoscopic transsphenoidal surgery has comparable or improved tumor resection rates, less nasal trauma, and better visualization of the surgical field in many centers."
41,"Which serum hormone tests should be repeated post-surgery to confirm remission in acromegaly?","GH levels, IGF-1 levels, and an oral glucose tolerance test (OGTT) to evaluate GH suppression are typically measured."
42,"Following successful transsphenoidal resection for prolactinomas, how long should dopamine agonist therapy be continued?","Often it’s tapered off over 6–12 months post-surgery if prolactin normalizes and no residual tumor is seen on imaging, but this is individualized."
43,"What are the predictors of remission following surgery for Cushing’s disease?","Predictors include smaller tumor size (microadenomas), a well-defined adenoma on MRI, lower preoperative cortisol levels, and an experienced surgical team."
44,"Can pituitary adenomas present with psychiatric symptoms?","Yes. Hormonal imbalances (e.g., hypercortisolism, hyperthyroidism if TSH-secreting) or mass effects can lead to mood changes, anxiety, and other psychiatric manifestations."
45,"What proportion of patients with large non-functioning adenomas present with partial or complete hypopituitarism?","Up to 50% or more can have deficiencies in one or more pituitary axes upon diagnosis."
46,"How does one distinguish a prolactinoma from hyperprolactinemia caused by stalk effect?","Very high prolactin levels (often >200 ng/mL) typically indicate a prolactinoma. Mild to moderate elevations (usually <150 ng/mL) can be due to stalk compression by a non-prolactin-secreting mass."
47,"What is the role of FSH- and LH-secreting adenomas in clinical practice?","These gonadotropinomas are rare, often present as non-functioning tumors, but can cause ovarian hyperstimulation, testicular enlargement, or infertility in some cases."
48,"Are TSH-secreting adenomas common, and what do they usually present with?","TSH-secreting adenomas are quite rare (<1% of pituitary tumors) and typically cause hyperthyroidism with goiter, weight loss, and palpitations."
49,"What are the recognized subtypes of aggressive pituitary adenomas?","Some subtypes include sparsely granulated somatotroph adenomas and certain lactotroph adenomas with high proliferation indices. ‘Aggressive’ is often indicated by rapid growth, invasion, and lack of response to standard therapies."
50,"What medical therapy might be considered for aggressive pituitary adenomas resistant to surgery, radiation, and standard meds?","Temozolomide, an oral alkylating agent, can be used for aggressive or malignant pituitary tumors when first-line treatments fail."
51,"Can hyperprolactinemia cause osteoporosis?","Yes. Chronic hyperprolactinemia leads to hypogonadism (low estrogen/testosterone), which increases bone resorption and can contribute to osteoporosis."
52,"How quickly do dopamine agonists typically reduce tumor size in prolactinomas?","Significant size reduction can occur within a few months, though microadenomas may respond faster than macroadenomas."
53,"What is the typical timeline for symptomatic improvement in acromegaly with somatostatin analogs?","Soft tissue swelling can improve in weeks to months, while bone changes are more gradual and may take longer."
54,"How is remission in Cushing’s disease monitored long-term after surgery?","Periodic measurement of cortisol or ACTH levels, and sometimes late-night salivary cortisol or low-dose dexamethasone suppression tests, are used to detect recurrence."
55,"In suspected recurrent pituitary adenomas, which imaging sequence is most sensitive?","High-resolution MRI with thin-slice dynamic contrast-enhanced sequences around the sellar region is preferred for detecting small residual or recurrent tumors."
56,"What fraction of pituitary adenomas are discovered only at autopsy?","Autopsy studies suggest 10–20% of individuals may have small, undiagnosed pituitary adenomas (many are microadenomas)."
57,"When should serum prolactin be rechecked after starting treatment with bromocriptine?","Levels are often rechecked in 4–6 weeks to gauge therapy response and adjust dosage if needed."
58,"What factors predict better response to dopamine agonists in prolactinoma patients?","Smaller tumor size, moderately elevated prolactin levels, and intact dopamine receptor expression correlate with improved response."
59,"What is the risk of significant hyperglycemia in acromegaly?","Insulin resistance is common; up to 40–50% of acromegaly patients can develop impaired glucose tolerance or diabetes."
60,"Can pituitary adenomas cause permanent vision loss if untreated?","Yes. Large or rapidly expanding tumors compressing the optic chiasm can lead to irreversible visual deficits if not promptly managed."
61,"In post-menopausal women, are prolactinomas still common?","While less common than in reproductive-age women, they still occur. The presentation can be more subtle since menstrual irregularities are no longer a concern."
62,"Is subclinical hypercortisolism from pituitary adenomas a recognized entity?","Yes. Mild autonomous cortisol secretion can occur, presenting without classic Cushingoid features but still associated with metabolic or bone density issues."
63,"Do patients with acromegaly have an increased risk of colorectal polyps?","Yes. Acromegaly can be associated with a higher risk of colonic polyps and even colorectal cancer, warranting regular colonoscopic screening."
64,"What proportion of pituitary adenomas spontaneously regress?","Spontaneous regression is rare; documented in a small fraction (often <5%) of cases, more frequently in hemorrhagic or necrotic settings."
65,"Can microadenomas be definitively diagnosed on a single MRI scan?","Sometimes. However, very small lesions can be missed or confused with normal pituitary variations, so repeat imaging or dynamic MRI may be necessary."
66,"What is the typical success rate of transsphenoidal surgery for GH-secreting microadenomas?","Biochemical remission (normal IGF-1) can be achieved in 80–90% of cases with microadenomas in experienced centers."
67,"Are there known molecular markers guiding treatment responsiveness in pituitary adenomas?","Markers like AIP mutations (in familial isolated pituitary adenomas) and somatostatin receptor subtypes can predict responsiveness to medical therapies."
68,"How do TSH-secreting adenomas respond to somatostatin analog therapy?","TSH levels and thyroid hormone levels often decrease significantly; many patients also experience partial tumor shrinkage."
69,"What is the role of combined medical therapy in acromegaly?","Combining somatostatin analogs and GH receptor antagonists (pegvisomant) can yield improved hormonal control in difficult cases."
70,"Following successful transsphenoidal resection for Cushing’s disease, why might patients need glucocorticoid replacement?","Because normal cortisol production can be suppressed for months postoperatively; temporary steroid replacement prevents adrenal insufficiency."
71,"How common is vision improvement after tumor debulking in patients with optic chiasm compression?","Significant improvement occurs in 70–80% of patients if decompression is done promptly; the degree of recovery depends on duration and severity of compression."
72,"In patients with large prolactinomas, what is the typical duration of dopamine agonist therapy?","Therapy may continue for several years to maintain tumor shrinkage and prevent relapse; exact duration varies based on imaging and hormonal response."
73,"What is the recommended screening interval for hypopituitarism in patients with non-functioning pituitary adenomas?","Annual clinical and biochemical evaluations of pituitary function are generally advised, with imaging every 1–2 years if stable."
74,"When is a combined pituitary function test indicated?","If there’s suspicion of multiple pituitary hormone deficiencies, dynamic testing (e.g., insulin tolerance test) can clarify which axes are affected."
75,"Which pituitary adenomas are most prone to hemorrhage leading to apoplexy?","Large, rapidly growing macroadenomas, particularly in patients with hypertension or anticoagulant therapy, have an increased risk."
76,"How does pituitary adenoma–related hypogonadism typically present in men?","Symptoms include decreased libido, erectile dysfunction, fatigue, and sometimes reduced muscle mass."
77,"Does successful treatment of prolactinoma reverse hypogonadism?","Yes, normalization of prolactin can restore gonadal function in most cases unless there’s irreversible pituitary damage."
78,"Which specialty is usually responsible for surgical management of pituitary adenomas?","Neurosurgeons with expertise in pituitary and skull-base surgery typically perform the transsphenoidal resection."
79,"What role does the endocrinologist play in the multidisciplinary team managing pituitary adenomas?","They oversee hormonal evaluations, medical therapy, and long-term monitoring of both hormone status and tumor growth."
80,"Are pituitary adenomas considered malignant?","True malignant pituitary carcinoma is extremely rare (<0.5% of cases). Most adenomas are benign but can be locally invasive."
81,"What is the role of IGF-1 measurement in diagnosing acromegaly?","IGF-1 is a stable indicator of GH excess, used as a screening and monitoring tool given its relatively long half-life."
82,"When should an inferior petrosal sinus sampling be considered?","If ACTH-dependent Cushing’s syndrome is confirmed but imaging doesn’t clearly localize the adenoma, petrosal sinus sampling helps confirm a pituitary source."
83,"Do pediatric pituitary adenomas differ in presentation from adult adenomas?","Yes. They are rarer in children, and hormone-secreting tumors (especially GH- or ACTH-secreting) can present with growth abnormalities or early Cushing’s features."
84,"What are possible complications of transsphenoidal surgery?","Complications include cerebrospinal fluid leak, meningitis, cranial nerve injury, and hypopituitarism; however, rates are low in experienced centers."
85,"How often should pituitary adenoma patients have a formal visual field test?","If there is chiasmal involvement or risk, baseline testing and regular follow-ups (e.g., every 6–12 months) are recommended."
86,"What imaging sequence best differentiates hemorrhage (apoplexy) from tumor tissue?","T2-weighted MRI and susceptibility-weighted imaging can highlight blood products, aiding diagnosis of apoplexy."
87,"Are there racial or ethnic differences in pituitary adenoma prevalence?","While data suggest slight variations, significant differences are not consistently reported. Access to imaging may influence diagnosis rates."
88,"Does high-dose cabergoline have a role in resistant prolactinomas?","Yes, some patients resistant to standard doses may respond to higher doses, although side effects must be monitored closely."
89,"What is the significance of elevated alpha subunit levels in pituitary tumors?","Elevated alpha subunit can occur in certain gonadotroph and non-functioning adenomas, suggesting tumor activity without obvious hormone hypersecretion."
90,"When is decompression of the optic chiasm most urgent?","In acute presentations with severe vision loss or pituitary apoplexy, urgent surgical decompression is critical to preserve sight."
91,"What is the usual dose range for octreotide LAR in managing acromegaly?","Typically 20–30 mg monthly, adjusted based on GH/IGF-1 levels and side effects, but can be increased to 40 mg in resistant cases."
92,"How do you monitor response to temozolomide in aggressive pituitary adenomas?","Tumor size on MRI and hormone levels are assessed every few cycles; a decrease in size/hormone production indicates response."
93,"What is the role of new targeted therapies (e.g., tyrosine kinase inhibitors) in pituitary adenomas?","They remain experimental; most data are anecdotal or from small series, typically reserved for highly resistant tumors."
94,"Do pituitary adenomas recur more frequently in pregnant patients after initial treatment?","Hormone-secreting adenomas, especially prolactinomas, can enlarge during pregnancy, but true “recurrence” depends on prior treatment status. Close monitoring is key."
95,"Is there a role for prophylactic radiation after surgery for non-functioning macroadenomas?","Routine prophylactic radiation is not standard due to potential long-term side effects (hypopituitarism, risk of secondary tumors). It’s usually reserved for residual or regrowth cases."
96,"How is the quality of life impacted in patients with pituitary adenomas?","Patients can experience chronic fatigue, psychological stress, and metabolic complications, even after successful treatment, impacting overall QOL."
97,"What surveillance interval is recommended after a complete surgical resection of a functioning adenoma in remission?","Typically, clinical/hormone evaluations every 6–12 months and MRI annually for the first few years, then less frequently if stable."
98,"Can repeated pituitary surgeries be done if the adenoma recurs?","Yes, although surgical success rates may be lower with each re-operation due to scarring and altered anatomy. Multidisciplinary planning is essential."
99,"Is it common to see multiple distinct pituitary adenomas in one individual?","It’s rare but can occur, especially in familial syndromes like MEN1, where multiple adenohypophyseal cell lines may be involved."
100,"What is the most challenging aspect of managing aggressive pituitary adenomas?","Balancing effective tumor control (surgery, radiation, medication) with preserving pituitary function and minimizing adverse effects is the primary challenge."